Workbook

Sheet 職員マスタ
A1: No. | B1: 職員名 | C1: フリガナ | D1: 雇用形態 | E1: 外国人区分 | F1: 介護福祉士 | G1: 社会福祉士 | H1: ケアマネ | I1: その他資格 | J1: 連勤上限(日) | K1: 夜勤可否 | L1: 備考
A2: 1 | B2: 佐藤 健一 | C2: サトウ ケンイチ | D2: 正職員 | E2: 日本人 | F2: ○ | J2: 5 | K2: 可 | L2: 管理者
A3: 2 | B3: 鈴木 美咲 | C3: スズキ ミサキ | D3: 正職員 | E3: 日本人 | F3: ○ | J3: 5 | K3: 可
A4: 3 | B4: 高橋 大輔 | C4: タカハシ ダイスケ | D4: 正職員 | E4: 日本人 | F4: ○ | H4: ○ | J4: 5 | K4: 可
A5: 4 | B5: 田中 由美 | C5: タナカ ユミ | D5: 正職員 | E5: 日本人 | G5: ○ | I5: 初任者研修 | J5: 5 | K5: 可
A6: 5 | B6: 伊藤 翔太 | C6: イトウ ショウタ | D6: 正職員 | E6: 日本人 | F6: ○ | J6: 5 | K6: 可
A7: 6 | B7: 渡辺 真理 | C7: ワタナベ マリ | D7: パート | E7: 日本人 | I7: 実務者研修 | J7: 4 | K7: 否 | L7: 週3勤務
A8: 7 | B8: 山本 直樹 | C8: ヤマモト ナオキ | D8: 正職員 | E8: 日本人 | F8: ○ | J8: 5 | K8: 可
A9: 8 | B9: 中村 さくら | C9: ナカムラ サクラ | D9: パート | E9: 日本人 | I9: 初任者研修 | J9: 4 | K9: 否 | L9: 週4勤務
A10: 9 | B10: 小林 健二 | C10: コバヤシ ケンジ | D10: 正職員 | E10: 日本人 | H10: ○ | J10: 5 | K10: 可
A11: 10 | B11: 加藤 麻衣 | C11: カトウ マイ | D11: 正職員 | E11: 日本人 | F11: ○ | J11: 5 | K11: 可
A12: 11 | B12: 吉田 太郎 | C12: ヨシダ タロウ | D12: パート | E12: 日本人 | J12: 3 | K12: 否 | L12: 週2勤務
A13: 12 | B13: 山田 花子 | C13: ヤマダ ハナコ | D13: 正職員 | E13: 日本人 | F13: ○ | J13: 5 | K13: 可
A14: 13 | B14: ビカス シュレスタ | C14: ビカス シュレスタ | D14: 正職員 | E14: 外国人 | I14: EPA介護福祉士候補 | J14: 5 | K14: 可 | L14: ネパール出身
A15: 14 | B15: サンディヤ タマン | C15: サンディヤ タマン | D15: 正職員 | E15: 外国人 | F15: ○ | J15: 5 | K15: 可 | L15: ネパール出身
A16: 15 | B16: プラディープ グルン | C16: プラディープ グルン | D16: 正職員 | E16: 外国人 | I16: 実務者研修 | J16: 5 | K16: 可 | L16: ネパール出身

Sheet シフト設定
B2: ■ 勤務区分テーブル
B3: 区分コード | C3: 表示名 | D3: 開始時刻 | E3: 終了時刻 | F3: 勤務時間 | G3: 背景色コード | H3: 文字色コード
B4: 早 | C4: 早番 | D4: 07:00 | E4: 16:00 | F4: 8 | G4: D4EDDA | H4: 1B5E20
B5: 日 | C5: 日勤 | D5: 09:00 | E5: 18:00 | F5: 8 | G5: CCE5FF | H5: 0D47A1
B6: 遅 | C6: 遅番 | D6: 11:00 | E6: 20:00 | F6: 8 | G6: FFF3CD | H6: 7D6608
B7: 夜 | C7: 夜勤(宿直) | D7: 17:00 | E7: 10:00 | F7: 16 | G7: E8DAEF | H7: 6C3483
B8: 明 | C8: 明け番 | D8: 00:00 | E8: 10:00 | F8: 0 | G8: FDEBD0 | H8: A04000
B9: 休 | C9: 公休 | F9: 0 | G9: F2F3F4 | H9: 7F8C8D
B10: 有 | C10: 有給 | F10: 8 | G10: D5F5E3 | H10: 1A5276
B11: P | C11: パート勤務 | D11: 09:00 | E11: 13:00 | F11: 4 | G11: EBF5FB | H11: 154360
B14: ■ 配置ルールテーブル
B15: ルール項目 | C15: 設定値
B16: 夜勤者数（1日あたり） | C16: 2
B17: 夜勤者のうち外国人上限 | C17: 1
B18: 日中最低出勤者数 | C18: 3
B19: 連勤上限（デフォルト） | C19: 5
B20: 月夜勤回数の均等化 | C20: する
B21: 有資格者(介護福祉士)最低配置数 | C21: 1

Sheet 希望シフト入力
A1: 対象年月 | B1: 2026/05 | D1: ※ 各セルにドロップダウンから希望区分を選択してください（早/日/遅/夜/明/休/有/P）
A2: No. | B2: 職員名 | C2: 1 | D2: 2 | E2: 3 | F2: 4 | G2: 5 | H2: 6 | I2: 7 | J2: 8 | K2: 9 | L2: 10 | M2: 11 | N2: 12 | O2: 13 | P2: 14 | Q2: 15 | R2: 16 | S2: 17 | T2: 18 | U2: 19 | V2: 20 | W2: 21 | X2: 22 | Y2: 23 | Z2: 24 | AA2: 25 | AB2: 26 | AC2: 27 | AD2: 28 | AE2: 29 | AF2: 30 | AG2: 31
A3: =職員マスタ!A2 | B3: =職員マスタ!B2
A4: =職員マスタ!A3 | B4: =職員マスタ!B3
A5: =職員マスタ!A4 | B5: =職員マスタ!B4
A6: =職員マスタ!A5 | B6: =職員マスタ!B5
A7: =職員マスタ!A6 | B7: =職員マスタ!B6
A8: =職員マスタ!A7 | B8: =職員マスタ!B7
A9: =職員マスタ!A8 | B9: =職員マスタ!B8
A10: =職員マスタ!A9 | B10: =職員マスタ!B9
A11: =職員マスタ!A10 | B11: =職員マスタ!B10
A12: =職員マスタ!A11 | B12: =職員マスタ!B11
A13: =職員マスタ!A12 | B13: =職員マスタ!B12
A14: =職員マスタ!A13 | B14: =職員マスタ!B13
... A17: =職員マスタ!A16 | B17: =職員マスタ!B16

Sheet シフト表
A1: 対象年月 | B1: =希望シフト入力!B1
A2: No. | B2: 職員名 | C2: 1 | D2: 2 | E2: 3 | F2: 4 | G2: 5 | H2: 6 | I2: 7 | J2: 8 | K2: 9 | L2: 10 | M2: 11 | N2: 12 | O2: 13 | P2: 14 | Q2: 15 | R2: 16 | S2: 17 | T2: 18 | U2: 19 | V2: 20 | W2: 21 | X2: 22 | Y2: 23 | Z2: 24 | AA2: 25 | AB2: 26 | AC2: 27 | AD2: 28 | AE2: 29 | AF2: 30 | AG2: 31 | AH2: 出勤日数 | AI2: 夜勤回数 | AJ2: 公休日数 | AK2: 有給日数
A3: =職員マスタ!A2 | B3: =職員マスタ!B2 | AH3: =COUNTIF(C3:AG3,"早")+COUNTIF(C3:AG3,"日")+COUNTIF(C3:AG3,"遅")+COUNTIF(C3:AG3,"夜")+COUNTIF(C3:AG3,"明")+COUNTIF(C3:AG3,"P") | AI3: =COUNTIF(C3:AG3,"夜") | AJ3: =COUNTIF(C3:AG3,"休") | AK3: =COUNTIF(C3:AG3,"有")
A4: =職員マスタ!A3 | B4: =職員マスタ!B3 | AH4: =COUNTIF(C4:AG4,"早")+COUNTIF(C4:AG4,"日")+COUNTIF(C4:AG4,"遅")+COUNTIF(C4:AG4,"夜")+COUNTIF(C4:AG4,"明")+COUNTIF(C4:AG4,"P") | AI4: =COUNTIF(C4:AG4,"夜") | AJ4: =COUNTIF(C4:AG4,"休") | AK4: =COUNTIF(C4:AG4,"有")
A5: =職員マスタ!A4 | B5: =職員マスタ!B4 | AH5: =COUNTIF(C5:AG5,"早")+COUNTIF(C5:AG5,"日")+COUNTIF(C5:AG5,"遅")+COUNTIF(C5:AG5,"夜")+COUNTIF(C5:AG5,"明")+COUNTIF(C5:AG5,"P") | AI5: =COUNTIF(C5:AG5,"夜") | AJ5: =COUNTIF(C5:AG5,"休") | AK5: =COUNTIF(C5:AG5,"有")
A6: =職員マスタ!A5 | B6: =職員マスタ!B5 | AH6: =COUNTIF(C6:AG6,"早")+COUNTIF(C6:AG6,"日")+COUNTIF(C6:AG6,"遅")+COUNTIF(C6:AG6,"夜")+COUNTIF(C6:AG6,"明")+COUNTIF(C6:AG6,"P") | AI6: =COUNTIF(C6:AG6,"夜") | AJ6: =COUNTIF(C6:AG6,"休") | AK6: =COUNTIF(C6:AG6,"有")
A7: =職員マスタ!A6 | B7: =職員マスタ!B6 | AH7: =COUNTIF(C7:AG7,"早")+COUNTIF(C7:AG7,"日")+COUNTIF(C7:AG7,"遅")+COUNTIF(C7:AG7,"夜")+COUNTIF(C7:AG7,"明")+COUNTIF(C7:AG7,"P") | AI7: =COUNTIF(C7:AG7,"夜") | AJ7: =COUNTIF(C7:AG7,"休") | AK7: =COUNTIF(C7:AG7,"有")
A8: =職員マスタ!A7 | B8: =職員マスタ!B7 | AH8: =COUNTIF(C8:AG8,"早")+COUNTIF(C8:AG8,"日")+COUNTIF(C8:AG8,"遅")+COUNTIF(C8:AG8,"夜")+COUNTIF(C8:AG8,"明")+COUNTIF(C8:AG8,"P") | AI8: =COUNTIF(C8:AG8,"夜") | AJ8: =COUNTIF(C8:AG8,"休") | AK8: =COUNTIF(C8:AG8,"有")
A9: =職員マスタ!A8 | B9: =職員マスタ!B8 | AH9: =COUNTIF(C9:AG9,"早")+COUNTIF(C9:AG9,"日")+COUNTIF(C9:AG9,"遅")+COUNTIF(C9:AG9,"夜")+COUNTIF(C9:AG9,"明")+COUNTIF(C9:AG9,"P") | AI9: =COUNTIF(C9:AG9,"夜") | AJ9: =COUNTIF(C9:AG9,"休") | AK9: =COUNTIF(C9:AG9,"有")
A10: =職員マスタ!A9 | B10: =職員マスタ!B9 | AH10: =COUNTIF(C10:AG10,"早")+COUNTIF(C10:AG10,"日")+COUNTIF(C10:AG10,"遅")+COUNTIF(C10:AG10,"夜")+COUNTIF(C10:AG10,"明")+COUNTIF(C10:AG10,"P") | AI10: =COUNTIF(C10:AG10,"夜") | AJ10: =COUNTIF(C10:AG10,"休") | AK10: =COUNTIF(C10:AG10,"有")
A11: =職員マスタ!A10 | B11: =職員マスタ!B10 | AH11: =COUNTIF(C11:AG11,"早")+COUNTIF(C11:AG11,"日")+COUNTIF(C11:AG11,"遅")+COUNTIF(C11:AG11,"夜")+COUNTIF(C11:AG11,"明")+COUNTIF(C11:AG11,"P") | AI11: =COUNTIF(C11:AG11,"夜") | AJ11: =COUNTIF(C11:AG11,"休") | AK11: =COUNTIF(C11:AG11,"有")
A12: =職員マスタ!A11 | B12: =職員マスタ!B11 | AH12: =COUNTIF(C12:AG12,"早")+COUNTIF(C12:AG12,"日")+COUNTIF(C12:AG12,"遅")+COUNTIF(C12:AG12,"夜")+COUNTIF(C12:AG12,"明")+COUNTIF(C12:AG12,"P") | AI12: =COUNTIF(C12:AG12,"夜") | AJ12: =COUNTIF(C12:AG12,"休") | AK12: =COUNTIF(C12:AG12,"有")
A13: =職員マスタ!A12 | B13: =職員マスタ!B12 | AH13: =COUNTIF(C13:AG13,"早")+COUNTIF(C13:AG13,"日")+COUNTIF(C13:AG13,"遅")+COUNTIF(C13:AG13,"夜")+COUNTIF(C13:AG13,"明")+COUNTIF(C13:AG13,"P") | AI13: =COUNTIF(C13:AG13,"夜") | AJ13: =COUNTIF(C13:AG13,"休") | AK13: =COUNTIF(C13:AG13,"有")
A14: =職員マスタ!A13 | B14: =職員マスタ!B13 | AH14: =COUNTIF(C14:AG14,"早")+COUNTIF(C14:AG14,"日")+COUNTIF(C14:AG14,"遅")+COUNTIF(C14:AG14,"夜")+COUNTIF(C14:AG14,"明")+COUNTIF(C14:AG14,"P") | AI14: =COUNTIF(C14:AG14,"夜") | AJ14: =COUNTIF(C14:AG14,"休") | AK14: =COUNTIF(C14:AG14,"有")
... A17: =職員マスタ!A16 | B17: =職員マスタ!B16 | AH17: =COUNTIF(C17:AG17,"早")+COUNTIF(C17:AG17,"日")+COUNTIF(C17:AG17,"遅")+COUNTIF(C17:AG17,"夜")+COUNTIF(C17:AG17,"明")+COUNTIF(C17:AG17,"P") | AI17: =COUNTIF(C17:AG17,"夜") | AJ17: =COUNTIF(C17:AG17,"休") | AK17: =COUNTIF(C17:AG17,"有")
B18: 夜勤人数 | C18: =COUNTIF(C3:C17,"夜") | D18: =COUNTIF(D3:D17,"夜") | E18: =COUNTIF(E3:E17,"夜") | F18: =COUNTIF(F3:F17,"夜") | G18: =COUNTIF(G3:G17,"夜") | H18: =COUNTIF(H3:H17,"夜") | I18: =COUNTIF(I3:I17,"夜") | J18: =COUNTIF(J3:J17,"夜") | ... AG18: =COUNTIF(AG3:AG17,"夜")
B19: 早番人数 | C19: =COUNTIF(C3:C17,"早") | D19: =COUNTIF(D3:D17,"早") | E19: =COUNTIF(E3:E17,"早") | F19: =COUNTIF(F3:F17,"早") | G19: =COUNTIF(G3:G17,"早") | H19: =COUNTIF(H3:H17,"早") | I19: =COUNTIF(I3:I17,"早") | J19: =COUNTIF(J3:J17,"早") | ... AG19: =COUNTIF(AG3:AG17,"早")
B20: 日勤人数 | C20: =COUNTIF(C3:C17,"日") | D20: =COUNTIF(D3:D17,"日") | E20: =COUNTIF(E3:E17,"日") | F20: =COUNTIF(F3:F17,"日") | G20: =COUNTIF(G3:G17,"日") | H20: =COUNTIF(H3:H17,"日") | I20: =COUNTIF(I3:I17,"日") | J20: =COUNTIF(J3:J17,"日") | ... AG20: =COUNTIF(AG3:AG17,"日")
B21: 遅番人数 | C21: =COUNTIF(C3:C17,"遅") | D21: =COUNTIF(D3:D17,"遅") | E21: =COUNTIF(E3:E17,"遅") | F21: =COUNTIF(F3:F17,"遅") | G21: =COUNTIF(G3:G17,"遅") | H21: =COUNTIF(H3:H17,"遅") | I21: =COUNTIF(I3:I17,"遅") | J21: =COUNTIF(J3:J17,"遅") | ... AG21: =COUNTIF(AG3:AG17,"遅")
B22: 出勤合計 | C22: =COUNTIF(C3:C17,"早")+COUNTIF(C3:C17,"日")+COUNTIF(C3:C17,"遅")+COUNTIF(C3:C17,"夜")+COUNTIF(C3:C17,"明")+COUNTIF(C3:C17,"P") | D22: =COUNTIF(D3:D17,"早")+COUNTIF(D3:D17,"日")+COUNTIF(D3:D17,"遅")+COUNTIF(D3:D17,"夜")+COUNTIF(D3:D17,"明")+COUNTIF(D3:D17,"P") | E22: =COUNTIF(E3:E17,"早")+COUNTIF(E3:E17,"日")+COUNTIF(E3:E17,"遅")+COUNTIF(E3:E17,"夜")+COUNTIF(E3:E17,"明")+COUNTIF(E3:E17,"P") | F22: =COUNTIF(F3:F17,"早")+COUNTIF(F3:F17,"日")+COUNTIF(F3:F17,"遅")+COUNTIF(F3:F17,"夜")+COUNTIF(F3:F17,"明")+COUNTIF(F3:F17,"P") | G22: =COUNTIF(G3:G17,"早")+COUNTIF(G3:G17,"日")+COUNTIF(G3:G17,"遅")+COUNTIF(G3:G17,"夜")+COUNTIF(G3:G17,"明")+COUNTIF(G3:G17,"P") | H22: =COUNTIF(H3:H17,"早")+COUNTIF(H3:H17,"日")+COUNTIF(H3:H17,"遅")+COUNTIF(H3:H17,"夜")+COUNTIF(H3:H17,"明")+COUNTIF(H3:H17,"P") | I22: =COUNTIF(I3:I17,"早")+COUNTIF(I3:I17,"日")+COUNTIF(I3:I17,"遅")+COUNTIF(I3:I17,"夜")+COUNTIF(I3:I17,"明")+COUNTIF(I3:I17,"P") | J22: =COUNTIF(J3:J17,"早")+COUNTIF(J3:J17,"日")+COUNTIF(J3:J17,"遅")+COUNTIF(J3:J17,"夜")+COUNTIF(J3:J17,"明")+COUNTIF(J3:J17,"P") | ... AG22: =COUNTIF(AG3:AG17,"早")+COUNTIF(AG3:AG17,"日")+COUNTIF(AG3:AG17,"遅")+COUNTIF(AG3:AG17,"夜")+COUNTIF(AG3:AG17,"明")+COUNTIF(AG3:AG17,"P")
B23: 夜勤確認 | C23: =IF(C18<2,"不足","") | D23: =IF(D18<2,"不足","") | E23: =IF(E18<2,"不足","") | F23: =IF(F18<2,"不足","") | G23: =IF(G18<2,"不足","") | H23: =IF(H18<2,"不足","") | I23: =IF(I18<2,"不足","") | J23: =IF(J18<2,"不足","") | ... AG23: =IF(AG18<2,"不足","")

Sheet 月次サマリー
A1: 対象年月 | B1: =シフト表!B1
A2: No. | B2: 職員名 | C2: 出勤日数 | D2: 夜勤回数 | E2: 早番 | F2: 日勤 | G2: 遅番 | H2: 公休 | I2: 有給
A3: =職員マスタ!A2 | B3: =職員マスタ!B2 | C3: =COUNTIF(シフト表!C3:AG3,"早")+COUNTIF(シフト表!C3:AG3,"日")+COUNTIF(シフト表!C3:AG3,"遅")+COUNTIF(シフト表!C3:AG3,"夜")+COUNTIF(シフト表!C3:AG3,"明")+COUNTIF(シフト表!C3:AG3,"P") | D3: =COUNTIF(シフト表!C3:AG3,"夜") | E3: =COUNTIF(シフト表!C3:AG3,"早") | F3: =COUNTIF(シフト表!C3:AG3,"日") | G3: =COUNTIF(シフト表!C3:AG3,"遅") | H3: =COUNTIF(シフト表!C3:AG3,"休") | I3: =COUNTIF(シフト表!C3:AG3,"有")
A4: =職員マスタ!A3 | B4: =職員マスタ!B3 | C4: =COUNTIF(シフト表!C4:AG4,"早")+COUNTIF(シフト表!C4:AG4,"日")+COUNTIF(シフト表!C4:AG4,"遅")+COUNTIF(シフト表!C4:AG4,"夜")+COUNTIF(シフト表!C4:AG4,"明")+COUNTIF(シフト表!C4:AG4,"P") | D4: =COUNTIF(シフト表!C4:AG4,"夜") | E4: =COUNTIF(シフト表!C4:AG4,"早") | F4: =COUNTIF(シフト表!C4:AG4,"日") | G4: =COUNTIF(シフト表!C4:AG4,"遅") | H4: =COUNTIF(シフト表!C4:AG4,"休") | I4: =COUNTIF(シフト表!C4:AG4,"有")
A5: =職員マスタ!A4 | B5: =職員マスタ!B4 | C5: =COUNTIF(シフト表!C5:AG5,"早")+COUNTIF(シフト表!C5:AG5,"日")+COUNTIF(シフト表!C5:AG5,"遅")+COUNTIF(シフト表!C5:AG5,"夜")+COUNTIF(シフト表!C5:AG5,"明")+COUNTIF(シフト表!C5:AG5,"P") | D5: =COUNTIF(シフト表!C5:AG5,"夜") | E5: =COUNTIF(シフト表!C5:AG5,"早") | F5: =COUNTIF(シフト表!C5:AG5,"日") | G5: =COUNTIF(シフト表!C5:AG5,"遅") | H5: =COUNTIF(シフト表!C5:AG5,"休") | I5: =COUNTIF(シフト表!C5:AG5,"有")
A6: =職員マスタ!A5 | B6: =職員マスタ!B5 | C6: =COUNTIF(シフト表!C6:AG6,"早")+COUNTIF(シフト表!C6:AG6,"日")+COUNTIF(シフト表!C6:AG6,"遅")+COUNTIF(シフト表!C6:AG6,"夜")+COUNTIF(シフト表!C6:AG6,"明")+COUNTIF(シフト表!C6:AG6,"P") | D6: =COUNTIF(シフト表!C6:AG6,"夜") | E6: =COUNTIF(シフト表!C6:AG6,"早") | F6: =COUNTIF(シフト表!C6:AG6,"日") | G6: =COUNTIF(シフト表!C6:AG6,"遅") | H6: =COUNTIF(シフト表!C6:AG6,"休") | I6: =COUNTIF(シフト表!C6:AG6,"有")
A7: =職員マスタ!A6 | B7: =職員マスタ!B6 | C7: =COUNTIF(シフト表!C7:AG7,"早")+COUNTIF(シフト表!C7:AG7,"日")+COUNTIF(シフト表!C7:AG7,"遅")+COUNTIF(シフト表!C7:AG7,"夜")+COUNTIF(シフト表!C7:AG7,"明")+COUNTIF(シフト表!C7:AG7,"P") | D7: =COUNTIF(シフト表!C7:AG7,"夜") | E7: =COUNTIF(シフト表!C7:AG7,"早") | F7: =COUNTIF(シフト表!C7:AG7,"日") | G7: =COUNTIF(シフト表!C7:AG7,"遅") | H7: =COUNTIF(シフト表!C7:AG7,"休") | I7: =COUNTIF(シフト表!C7:AG7,"有")
A8: =職員マスタ!A7 | B8: =職員マスタ!B7 | C8: =COUNTIF(シフト表!C8:AG8,"早")+COUNTIF(シフト表!C8:AG8,"日")+COUNTIF(シフト表!C8:AG8,"遅")+COUNTIF(シフト表!C8:AG8,"夜")+COUNTIF(シフト表!C8:AG8,"明")+COUNTIF(シフト表!C8:AG8,"P") | D8: =COUNTIF(シフト表!C8:AG8,"夜") | E8: =COUNTIF(シフト表!C8:AG8,"早") | F8: =COUNTIF(シフト表!C8:AG8,"日") | G8: =COUNTIF(シフト表!C8:AG8,"遅") | H8: =COUNTIF(シフト表!C8:AG8,"休") | I8: =COUNTIF(シフト表!C8:AG8,"有")
A9: =職員マスタ!A8 | B9: =職員マスタ!B8 | C9: =COUNTIF(シフト表!C9:AG9,"早")+COUNTIF(シフト表!C9:AG9,"日")+COUNTIF(シフト表!C9:AG9,"遅")+COUNTIF(シフト表!C9:AG9,"夜")+COUNTIF(シフト表!C9:AG9,"明")+COUNTIF(シフト表!C9:AG9,"P") | D9: =COUNTIF(シフト表!C9:AG9,"夜") | E9: =COUNTIF(シフト表!C9:AG9,"早") | F9: =COUNTIF(シフト表!C9:AG9,"日") | G9: =COUNTIF(シフト表!C9:AG9,"遅") | H9: =COUNTIF(シフト表!C9:AG9,"休") | I9: =COUNTIF(シフト表!C9:AG9,"有")
A10: =職員マスタ!A9 | B10: =職員マスタ!B9 | C10: =COUNTIF(シフト表!C10:AG10,"早")+COUNTIF(シフト表!C10:AG10,"日")+COUNTIF(シフト表!C10:AG10,"遅")+COUNTIF(シフト表!C10:AG10,"夜")+COUNTIF(シフト表!C10:AG10,"明")+COUNTIF(シフト表!C10:AG10,"P") | D10: =COUNTIF(シフト表!C10:AG10,"夜") | E10: =COUNTIF(シフト表!C10:AG10,"早") | F10: =COUNTIF(シフト表!C10:AG10,"日") | G10: =COUNTIF(シフト表!C10:AG10,"遅") | H10: =COUNTIF(シフト表!C10:AG10,"休") | I10: =COUNTIF(シフト表!C10:AG10,"有")
A11: =職員マスタ!A10 | B11: =職員マスタ!B10 | C11: =COUNTIF(シフト表!C11:AG11,"早")+COUNTIF(シフト表!C11:AG11,"日")+COUNTIF(シフト表!C11:AG11,"遅")+COUNTIF(シフト表!C11:AG11,"夜")+COUNTIF(シフト表!C11:AG11,"明")+COUNTIF(シフト表!C11:AG11,"P") | D11: =COUNTIF(シフト表!C11:AG11,"夜") | E11: =COUNTIF(シフト表!C11:AG11,"早") | F11: =COUNTIF(シフト表!C11:AG11,"日") | G11: =COUNTIF(シフト表!C11:AG11,"遅") | H11: =COUNTIF(シフト表!C11:AG11,"休") | I11: =COUNTIF(シフト表!C11:AG11,"有")
A12: =職員マスタ!A11 | B12: =職員マスタ!B11 | C12: =COUNTIF(シフト表!C12:AG12,"早")+COUNTIF(シフト表!C12:AG12,"日")+COUNTIF(シフト表!C12:AG12,"遅")+COUNTIF(シフト表!C12:AG12,"夜")+COUNTIF(シフト表!C12:AG12,"明")+COUNTIF(シフト表!C12:AG12,"P") | D12: =COUNTIF(シフト表!C12:AG12,"夜") | E12: =COUNTIF(シフト表!C12:AG12,"早") | F12: =COUNTIF(シフト表!C12:AG12,"日") | G12: =COUNTIF(シフト表!C12:AG12,"遅") | H12: =COUNTIF(シフト表!C12:AG12,"休") | I12: =COUNTIF(シフト表!C12:AG12,"有")
A13: =職員マスタ!A12 | B13: =職員マスタ!B12 | C13: =COUNTIF(シフト表!C13:AG13,"早")+COUNTIF(シフト表!C13:AG13,"日")+COUNTIF(シフト表!C13:AG13,"遅")+COUNTIF(シフト表!C13:AG13,"夜")+COUNTIF(シフト表!C13:AG13,"明")+COUNTIF(シフト表!C13:AG13,"P") | D13: =COUNTIF(シフト表!C13:AG13,"夜") | E13: =COUNTIF(シフト表!C13:AG13,"早") | F13: =COUNTIF(シフト表!C13:AG13,"日") | G13: =COUNTIF(シフト表!C13:AG13,"遅") | H13: =COUNTIF(シフト表!C13:AG13,"休") | I13: =COUNTIF(シフト表!C13:AG13,"有")
A14: =職員マスタ!A13 | B14: =職員マスタ!B13 | C14: =COUNTIF(シフト表!C14:AG14,"早")+COUNTIF(シフト表!C14:AG14,"日")+COUNTIF(シフト表!C14:AG14,"遅")+COUNTIF(シフト表!C14:AG14,"夜")+COUNTIF(シフト表!C14:AG14,"明")+COUNTIF(シフト表!C14:AG14,"P") | D14: =COUNTIF(シフト表!C14:AG14,"夜") | E14: =COUNTIF(シフト表!C14:AG14,"早") | F14: =COUNTIF(シフト表!C14:AG14,"日") | G14: =COUNTIF(シフト表!C14:AG14,"遅") | H14: =COUNTIF(シフト表!C14:AG14,"休") | I14: =COUNTIF(シフト表!C14:AG14,"有")
... A17: =職員マスタ!A16 | B17: =職員マスタ!B16 | C17: =COUNTIF(シフト表!C17:AG17,"早")+COUNTIF(シフト表!C17:AG17,"日")+COUNTIF(シフト表!C17:AG17,"遅")+COUNTIF(シフト表!C17:AG17,"夜")+COUNTIF(シフト表!C17:AG17,"明")+COUNTIF(シフト表!C17:AG17,"P") | D17: =COUNTIF(シフト表!C17:AG17,"夜") | E17: =COUNTIF(シフト表!C17:AG17,"早") | F17: =COUNTIF(シフト表!C17:AG17,"日") | G17: =COUNTIF(シフト表!C17:AG17,"遅") | H17: =COUNTIF(シフト表!C17:AG17,"休") | I17: =COUNTIF(シフト表!C17:AG17,"有")
B18: 合計 | C18: =SUM(C3:C17) | D18: =SUM(D3:D17) | E18: =SUM(E3:E17) | F18: =SUM(F3:F17) | G18: =SUM(G3:G17) | H18: =SUM(H3:H17) | I18: =SUM(I3:I17)

Sheet マクロコード(参考)
A1: VBAマクロコード（コピー用）
A3: ■ 使用方法
A4: 1. このファイルを .xlsm 形式（マクロ有効ブック）で保存し直してください。
A5: [ファイル] → [名前を付けて保存] → ファイル形式 "Excel マクロ有効ブック (*.xlsm)"
A6: 2. Excelで Alt + F11 キーを押し、VBAエディタを開きます。
A7: 3. メニュー [挿入] → [標準モジュール] を選択し、新規モジュールを作成。
A8: 4. 下記のVBAコード全文をモジュールに貼り付けて保存。
A9: 5. シフト表シートに戻り、Alt + F8 でマクロ一覧を開き、
A10: ・CreateShift … 希望シフトを基にシフト表を自動生成
A11: ・ClearShift … シフト表をクリア（確認ダイアログあり）
A12: ・ReColorize … 手動修正後の色を再適用
A13: を実行してください。
... A274: '==========================================================
